<?xml version="1.0" encoding="ISO-8859-1"?>
<tables>
  <!--  Resource Table -->
  <table name="Resource">
    <description>Resource table stores all resources like computers,domains,Users,etc</description>
    <columns>
      <column name="RESOURCE_ID">
        <description>A unique Id for each Resource</description>
        <data-type>INTEGER</data-type>
      </column>
      <column name="NAME">
        <description>Resource Name</description>
        <data-type>TEXT</data-type>
      </column>
      <column name="DOMAIN_NETBIOS_NAME">
        <description>DOMAIN_NETBIOS_NAME</description>
        <data-type>TEXT</data-type>
      </column>
      <column name="RESOURCE_TYPE">
        <description>Resource type 1=domain,2=workgroup,3=computer,4=groups</description>
        <data-type>INTEGER</data-type>
      </column>
      <column name="IS_ACTIVE">
        <description>Represents Resource Is active or not.1=active,0=inActive</description>
        <data-type>INTEGER</data-type>
      </column>
      <column name="DB_ADDED_TIME">
        <description>Time when a New row added</description>
        <data-type>TEXT</data-type>
      </column>
      <column name="DB_UPDATED_TIME">
        <description>Time when this row added</description>
        <data-type>TEXT</data-type>
      </column>
      <column name="CUSTOMER_ID">
        <description>Customer ID using This FreeWindowsTools Product</description>
        <data-type>INTEGER</data-type>
      </column>
      <primary-key name="RESOURCE_ID_PK">
        <primary-key-column>RESOURCE_ID</primary-key-column>
      </primary-key>
    </columns>
  </table>
  <!-- ManagedDomain Table -->
  <table name="ManagedDomain">
    <description>Managed Domain stores All the Domain/Workgroup resources and that refers Resource Table</description>
    <columns>
      <column name="RESOURCE_ID">
        <description>A unique Id for each Resource</description>
        <data-type>INTEGER</data-type>
      </column>
      <column name="AD_DOMAIN_NAME">
        <description>Represents AD Domain Name</description>
        <data-type>TEXT</data-type>
      </column>
      <column name="DOMAIN_CONTROLLER_NAME">
        <description>Domain Controller Name of the domain(no domain controller for workgroup)</description>
        <data-type>TEXT</data-type>
      </column>
      <column name="USER_NAME">
        <description>admin UserName of this Domain/workgroup </description>
        <data-type>TEXT</data-type>
      </column>
      <column name="PASSWORD">
        <description>admin password of this Domain/workgroup </description>
        <data-type>TEXT</data-type>
      </column>
      <column name="IS_AD_DOMAIN">
        <description>1.Domain 0.No</description>
        <data-type>INTEGER</data-type>
      </column>
      <column name="DNS_SUFFIX">
        <description>DNS suffix for this domain</description>
        <data-type>TEXT</data-type>
      </column>
      <column name="HAS_MANAGED_COMPUTER">
        <description>1.Yes,0.No</description>
        <data-type>INTEGER</data-type>
      </column>
      <column name="COMPUTER_RESOLVED_BY">
        <description>1.domainName,2.FQDN,-1 not resolved</description>
        <data-type>INTEGER</data-type>
      </column>
      <column name="CREDENTIAL_STATUS">
        <description>1.success,2.failure,-1.not verfied</description>
        <data-type>INTEGER</data-type>
      </column>
      <column name="CREDENTIAL_VERIFIED_TIME">
        <description>Time when crdential is verified</description>
        <data-type>TEXT</data-type>
      </column>
      <column name="HAS_CREDENTIALS">
        <description>1.success,0.No</description>
        <data-type>INTEGER</data-type>
      </column>
      <primary-key name="RESOURCE_ID_PK">
        <primary-key-column>RESOURCE_ID</primary-key-column>
      </primary-key>
      <foreign-keys>
        <foreign-key name="ManagedDomain" reference-table-name="Resource">
          <fk-columns>
            <fk-column>
              <fk-local-column>RESOURCE_ID</fk-local-column>
              <fk-reference-column>RESOURCE_ID</fk-reference-column>
            </fk-column>
          </fk-columns>
          <fk-constraints>ON DELETE CASCADE</fk-constraints>
        </foreign-key>
      </foreign-keys>
    </columns>
  </table>
  <!--  ManagedComputer Table -->
  <table name="ManagedComputer">
    <description>Managed Computer stores All the computer resources and that refers Resource Table</description>
    <columns>
      <column name="RESOURCE_ID">
        <description>A unique Id for each Resource</description>
        <data-type>INTEGER</data-type>
      </column>
      <column name="PLATFORM_TYPE">
        <description>Platform type like windows,mac,linux</description>
        <data-type>TEXT</data-type>
      </column>
      <column name="ADDED_TIME">
        <description>Time when this computer resource entry added</description>
        <data-type>TEXT</data-type>
      </column>
      <column name="MODIFIED_TIME">
        <description>Time when this computer resource got modification</description>
        <data-type>TEXT</data-type>
      </column>
      <column name="MANAGED_STATUS">
        <description>Represents Resource Is active or not.1=Managing,0=not managing</description>
        <data-type>INTEGER</data-type>
      </column>
      <column name="STATUS_UPDATED_TIME">
        <description>Time when the status has added</description>
        <data-type>TEXT</data-type>
      </column>
      <column name="REMARKS">
        <description>remarks</description>
        <data-type>TEXT</data-type>
      </column>
      <primary-key name="RESOURCE_ID_PK">
        <primary-key-column>RESOURCE_ID</primary-key-column>
      </primary-key>
      <foreign-keys>
        <foreign-key name="ManagedComputer" reference-table-name="Resource">
          <fk-columns>
            <fk-column>
              <fk-local-column>RESOURCE_ID</fk-local-column>
              <fk-reference-column>RESOURCE_ID</fk-reference-column>
            </fk-column>
          </fk-columns>
          <fk-constraints>ON DELETE CASCADE</fk-constraints>
        </foreign-key>
      </foreign-keys>
    </columns>
  </table>
  <!-- DomainToComputerRel Table -->
  <table name="DomainToComputerRel">
    <description>each domain contains many computers</description>
    <columns>
      <column name="DOMAIN_RESOURCE_ID">
        <description>A unique Id for each Domain/workgroup Refers ManagedDomain</description>
        <data-type>INTEGER</data-type>
      </column>
      <column name="COMPUTER_RESOURCE_ID">
        <description>A unique Id for each Computer Resource Refers Resource Table </description>
        <data-type>INTEGER</data-type>
      </column>
      <primary-key name="DOMAIN_COMPUTER_RESOURCE_ID_PK">
        <primary-key-column>DOMAIN_RESOURCE_ID</primary-key-column>
        <primary-key-column>COMPUTER_RESOURCE_ID</primary-key-column>
      </primary-key>
      <foreign-keys>
        <foreign-key name="DomainToComputerRel" reference-table-name="ManagedDomain">
          <fk-columns>
            <fk-column>
              <fk-local-column>DOMAIN_RESOURCE_ID</fk-local-column>
              <fk-reference-column>RESOURCE_ID</fk-reference-column>
            </fk-column>
          </fk-columns>
          <fk-constraints>ON DELETE CASCADE</fk-constraints>
        </foreign-key>
        <foreign-key name="DomainToComputerRel" reference-table-name="ManagedComputer">
          <fk-columns>
            <fk-column>
              <fk-local-column>COMPUTER_RESOURCE_ID</fk-local-column>
              <fk-reference-column>RESOURCE_ID</fk-reference-column>
            </fk-column>
          </fk-columns>
          <fk-constraints>ON DELETE CASCADE</fk-constraints>
        </foreign-key>
      </foreign-keys>
    </columns>
  </table>
  <!-- CustomGroup Table -->
  <table name="CustomGroup">
    <description>user may create group(contains computers) from different domains </description>
    <columns>
      <column name="GROUP_RESOURCE_ID">
        <description>A unique Id for each Group</description>
        <data-type>INTEGER</data-type>
      </column>
      <column name="GROUP_TYPE">
        <description>1- Computer Group 2- User group</description>
        <data-type>INTEGER</data-type>
      </column>
      <column name="DESCRIPTION">
        <description>DESCRIPTION about the group</description>
        <data-type>TEXT</data-type>
      </column>
      <column name="IS_EDITABLE">
        <description>1.Yes 0.No</description>
        <data-type>INTEGER</data-type>
      </column>
      <column name="CREATION_TIME">
        <description>Time when This group is created</description>
        <data-type>TEXT</data-type>
      </column>
      <column name="LAST_MODIFIED_TIME">
        <description>Time when This group has modified</description>
        <data-type>TEXT</data-type>
      </column>
      <primary-key name="GROUP_RESOURCE_ID_PK">
        <primary-key-column>GROUP_RESOURCE_ID</primary-key-column>
      </primary-key>
      <foreign-keys>
        <foreign-key name="CustomGroup" reference-table-name="Resource">
          <fk-columns>
            <fk-column>
              <fk-local-column>GROUP_RESOURCE_ID</fk-local-column>
              <fk-reference-column>RESOURCE_ID</fk-reference-column>
            </fk-column>
          </fk-columns>
          <fk-constraints>ON DELETE CASCADE</fk-constraints>
        </foreign-key>
      </foreign-keys>
    </columns>
  </table>
  <!-- CustomGroup Table -->
  <table name="CustomGroupToMemberRel">
    <description>user may create group(contains computers) from different domains </description>
    <columns>
      <column name="GROUP_RESOURCE_ID">
        <description>A unique Id for each Group</description>
        <data-type>INTEGER</data-type>
      </column>
      <column name="MEMBER_RESOURCE_ID">
        <description>A unique Id for each Resource</description>
        <data-type>INTEGER</data-type>
      </column>
      <primary-key name="GROUP_MEMBER_RESOURCE_ID_PK">
        <primary-key-column>GROUP_RESOURCE_ID</primary-key-column>
        <primary-key-column>MEMBER_RESOURCE_ID</primary-key-column>
      </primary-key>
      <foreign-keys>
        <foreign-key name="CustomGroupToMemberRel" reference-table-name="CustomGroup">
          <fk-columns>
            <fk-column>
              <fk-local-column>GROUP_RESOURCE_ID</fk-local-column>
              <fk-reference-column>GROUP_RESOURCE_ID</fk-reference-column>
            </fk-column>
          </fk-columns>
          <fk-constraints>ON DELETE CASCADE</fk-constraints>
        </foreign-key>
        <foreign-key name="CustomGroupToMemberRel" reference-table-name="ManagedComputer">
          <fk-columns>
            <fk-column>
              <fk-local-column>MEMBER_RESOURCE_ID</fk-local-column>
              <fk-reference-column>RESOURCE_ID</fk-reference-column>
            </fk-column>
          </fk-columns>
          <fk-constraints>ON DELETE CASCADE</fk-constraints>
        </foreign-key>
      </foreign-keys>
    </columns>
  </table>
  <!-- Tool Table -->
  <table name="Tools">
    <description>Table represents each tool like (wake on lan,shutdown/restart)</description>
    <columns>
      <column name="TOOL_ID">
        <description>A unique Id for each Tool</description>
        <data-type>INTEGER</data-type>
      </column>
      <column name="TOOL_NAME">
        <description>Name of the tool</description>
        <data-type>TEXT</data-type>
      </column>
      <column name="DESCRIPTION">
        <description>description about the tool</description>
        <data-type>TEXT</data-type>
      </column>
      <primary-key name="TOOL_ID_PK">
        <primary-key-column>TOOL_ID</primary-key-column>
      </primary-key>
    </columns>
  </table>
  <!-- Task Table -->
  <table name="Task">
    <description>Table represents each task like (wake on lan,shutdown/restart)</description>
    <columns>
      <column name="TASK_ID">
        <description>A unique Id for each Task</description>
        <data-type>INTEGER</data-type>
      </column>
      <column name="TASK_NAME">
        <description>Name of the task</description>
        <data-type>TEXT</data-type>
      </column>
      <column name="INITIATED_TIME">
        <description>Time when this task has initiated time</description>
        <data-type>TEXT</data-type>
      </column>
      <column name="STATUS">
        <description>(1.success,-1.failed,0.inprogress)</description>
        <data-type>INTEGER</data-type>
      </column>
      <column name="STATUS_UPDATED_TIME">
        <description>The time when the status has updated</description>
        <data-type>TEXT</data-type>
      </column>
      <column name="REMARKS">
        <description>The time when the status has updated</description>
        <data-type>TEXT</data-type>
      </column>
      <primary-key name="TASK_ID_PK">
        <primary-key-column>TASK_ID</primary-key-column>
      </primary-key>
    </columns>
  </table>
  <!-- TaskToResources  Table -->
  <table name="TaskToResources">
    <description>Table represents each task like (wake on lan,shutdown/restart) tasks apply on Resource</description>
    <columns>
      <column name="TASK_ID">
        <description>A Task Id Represents task details</description>
        <data-type>INTEGER</data-type>
      </column>
      <column name="RESOURCE_ID">
        <description>resource id Represents resource details</description>
        <data-type>INTEGER</data-type>
      </column>
      <column name="TASK_NAME">
        <description>Task name</description>
        <data-type>TEXT</data-type>
      </column>
      <column name="STATUS">
        <description>1.succes,0.inprogress,-1.failed</description>
        <data-type>INTEGER</data-type>
      </column>
      <column name="APPLIED_TIME">
        <description>The time when the task applied on that resource</description>
        <data-type>TEXT</data-type>
      </column>
      <column name="REMARKS">
        <description>The time when the status has updated</description>
        <data-type>TEXT</data-type>
      </column>
      <primary-key name="TASK_RESOURCE_ID_PK">
        <primary-key-column>TASK_ID</primary-key-column>
        <primary-key-column>RESOURCE_ID</primary-key-column>
      </primary-key>
      <foreign-keys>
        <foreign-key name="TaskToResources" reference-table-name="Task">
          <fk-columns>
            <fk-column>
              <fk-local-column>TASK_ID</fk-local-column>
              <fk-reference-column>TASK_ID</fk-reference-column>
            </fk-column>
          </fk-columns>
          <fk-constraints>ON DELETE CASCADE</fk-constraints>
        </foreign-key>
        <foreign-key name="TaskToResources" reference-table-name="ManagedComputer">
          <fk-columns>
            <fk-column>
              <fk-local-column>RESOURCE_ID</fk-local-column>
              <fk-reference-column>RESOURCE_ID</fk-reference-column>
            </fk-column>
          </fk-columns>
          <fk-constraints>ON DELETE CASCADE</fk-constraints>
        </foreign-key>
      </foreign-keys>
    </columns>
  </table>
  <!-- RecentTaskGroupRel  Table -->
  <table name="RecentTaskGroupRel">
    <description>Table represents each task like (wake on lan,shutdown/restart) tasks apply on Resource</description>
    <columns>
      <column name="TASK_ID">
        <description>A Task Id Represents task details</description>
        <data-type>INTEGER</data-type>
      </column>
      <column name="GROUP_RESOURCE_ID">
        <description>resource id Represents group details</description>
        <data-type>INTEGER</data-type>
      </column>
      <column name="TOOL_ID">
        <description>A tool Id Represents tool details</description>
        <data-type>INTEGER</data-type>
      </column>
      <primary-key name="TASK_GROUP_RESOURCE_TOOL_ID_PK">
        <primary-key-column>TASK_ID</primary-key-column>
        <primary-key-column>GROUP_RESOURCE_ID</primary-key-column>
        <primary-key-column>TOOL_ID</primary-key-column>
      </primary-key>
      <foreign-keys>
        <foreign-key name="RecentTaskGroupRel" reference-table-name="Task">
          <fk-columns>
            <fk-column>
              <fk-local-column>TASK_ID</fk-local-column>
              <fk-reference-column>TASK_ID</fk-reference-column>
            </fk-column>
          </fk-columns>
          <fk-constraints>ON DELETE CASCADE</fk-constraints>
        </foreign-key>
        <foreign-key name="RecentTaskGroupRel" reference-table-name="CustomGroup">
          <fk-columns>
            <fk-column>
              <fk-local-column>GROUP_RESOURCE_ID</fk-local-column>
              <fk-reference-column>GROUP_RESOURCE_ID</fk-reference-column>
            </fk-column>
          </fk-columns>
          <fk-constraints>ON DELETE CASCADE</fk-constraints>
        </foreign-key>
        <foreign-key name="RecentTaskGroupRel" reference-table-name="Tools">
          <fk-columns>
            <fk-column>
              <fk-local-column>TOOL_ID</fk-local-column>
              <fk-reference-column>TOOL_ID</fk-reference-column>
            </fk-column>
          </fk-columns>
          <fk-constraints>ON DELETE CASCADE</fk-constraints>
        </foreign-key>
      </foreign-keys>
    </columns>
  </table>
  <!-- RecentTaskGroupRel  Table -->
  <table name="RecentTaskResourceRel">
    <description>Table represents each task like (wake on lan,shutdown/restart) tasks apply on Resource</description>
    <columns>
      <column name="TASK_ID">
        <description>A Task Id Represents task details</description>
        <data-type>INTEGER</data-type>
      </column>
      <column name="RESOURCE_ID">
        <description>resource id Represents computer details</description>
        <data-type>INTEGER</data-type>
      </column>
      <column name="TOOL_ID">
        <description>A tool Id Represents tool details</description>
        <data-type>INTEGER</data-type>
      </column>
      <primary-key name="TASK_RESOURCE_TOOL_ID_PK">
        <primary-key-column>TASK_ID</primary-key-column>
        <primary-key-column>RESOURCE_ID</primary-key-column>
        <primary-key-column>TOOL_ID</primary-key-column>
      </primary-key>
      <foreign-keys>
        <foreign-key name="RecentTaskResourceRel" reference-table-name="Task">
          <fk-columns>
            <fk-column>
              <fk-local-column>TASK_ID</fk-local-column>
              <fk-reference-column>TASK_ID</fk-reference-column>
            </fk-column>
          </fk-columns>
          <fk-constraints>ON DELETE CASCADE</fk-constraints>
        </foreign-key>
        <foreign-key name="RecentTaskResourceRel" reference-table-name="ManagedComputer">
          <fk-columns>
            <fk-column>
              <fk-local-column>RESOURCE_ID</fk-local-column>
              <fk-reference-column>RESOURCE_ID</fk-reference-column>
            </fk-column>
          </fk-columns>
          <fk-constraints>ON DELETE CASCADE</fk-constraints>
        </foreign-key>
        <foreign-key name="RecentTaskResourceRel" reference-table-name="Tools">
          <fk-columns>
            <fk-column>
              <fk-local-column>TOOL_ID</fk-local-column>
              <fk-reference-column>TOOL_ID</fk-reference-column>
            </fk-column>
          </fk-columns>
          <fk-constraints>ON DELETE CASCADE</fk-constraints>
        </foreign-key>
      </foreign-keys>
    </columns>
  </table>
  <!-- GroupTaskStatusSummary Table -->
  <table name="GroupTaskStatusSummary">
    <description>Table represents Task status of each group</description>
    <columns>
      <column name="GROUP_RESOURCE_ID">
        <description>A unique Id Represents Group details</description>
        <data-type>INTEGER</data-type>
      </column>
      <column name="TASK_ID">
        <description>unique id Represents Task details</description>
        <data-type>INTEGER</data-type>
      </column>
      <column name="TOTAL_TARGET_COUNT">
        <description>total target count in this group</description>
        <data-type>INTEGER</data-type>
      </column>
      <column name="YET_TO_APPLY_COUNT">
        <description>task yet to apply on target(total count yet to apply in this group)</description>
        <data-type>INTEGER</data-type>
      </column>
      <column name="SUCCESS_COUNT">
        <description>success count(total resources got success in this task) of this task</description>
        <data-type>INTEGER</data-type>
      </column>
      <column name="FAILED_COUNT">
        <description>failure count(total resources got failed in this task) of this task</description>
        <data-type>INTEGER</data-type>
      </column>
      <column name="NOT_APPLICABLE_COUNT">
        <description>not applicable count(total target this task not applicable)</description>
        <data-type>INTEGER</data-type>
      </column>
      <primary-key name="GROUP_TASK_RESOURCE_ID_PK">
        <primary-key-column>GROUP_RESOURCE_ID</primary-key-column>
        <primary-key-column>TASK_ID</primary-key-column>
      </primary-key>
      <foreign-keys>
        <foreign-key name="GroupTaskStatusSummary" reference-table-name="CustomGroup">
          <fk-columns>
            <fk-column>
              <fk-local-column>GROUP_RESOURCE_ID</fk-local-column>
              <fk-reference-column>GROUP_RESOURCE_ID</fk-reference-column>
            </fk-column>
          </fk-columns>
          <fk-constraints>ON DELETE CASCADE</fk-constraints>
        </foreign-key>
        <foreign-key name="GroupTaskStatusSummary" reference-table-name="Task">
          <fk-columns>
            <fk-column>
              <fk-local-column>TASK_ID</fk-local-column>
              <fk-reference-column>TASK_ID</fk-reference-column>
            </fk-column>
          </fk-columns>
          <fk-constraints>ON DELETE CASCADE</fk-constraints>
        </foreign-key>
      </foreign-keys>
    </columns>
  </table>
  <!-- ResourceExtn Table -->
  <table name="ResourceExtn">
    <description>Table represents each resource external details like (ip address,mac address)</description>
    <columns>
      <column name="RESOURCE_ID">
        <description>A unique Id for each Tool</description>
        <data-type>INTEGER</data-type>
      </column>
      <column name="RESOURCE_TYPE">
        <description>1->domain,2->computer</description>
        <data-type>INTEGER</data-type>
      </column>
      <column name="MAC_ADDRESS">
        <description>about macaddress of the resource</description>
        <data-type>TEXT</data-type>
      </column>
      <column name="IP_ADDRESS">
        <description>about ipaddress of the resource</description>
        <data-type>TEXT</data-type>
      </column>
      <column name="SUBNET_MASK">
        <description>about subnetmask of the resource</description>
        <data-type>TEXT</data-type>
      </column>
      <primary-key name="RESOURCE_ID_PK">
        <primary-key-column>RESOURCE_ID</primary-key-column>
      </primary-key>
      <foreign-keys>
        <foreign-key name="ResourceExtn" reference-table-name="ManagedComputer">
          <fk-columns>
            <fk-column>
              <fk-local-column>RESOURCE_ID</fk-local-column>
              <fk-reference-column>RESOURCE_ID</fk-reference-column>
            </fk-column>
          </fk-columns>
          <fk-constraints>ON DELETE CASCADE</fk-constraints>
        </foreign-key>
      </foreign-keys>
    </columns>
  </table>
  <!-- About Product Details-->
  <!-- FreeAdminTools_METrack Table -->
  <table name="FreeAdminTools_METrack">
    <description>Table represents Free Admin Tools product details</description>
    <columns>
      <column name="CUST_ID">
        <description>A unique Id for Customer</description>
        <data-type>TEXT</data-type>
      </column>
      <column name="OS_PLATFORM">
        <description>Windows,linux,mac</description>
        <data-type>TEXT</data-type>
      </column>
      <column name="BUILD_NO">
        <description>about version of the product</description>
        <data-type>TEXT</data-type>
      </column>
      <column name="DOMAIN_COUNT">
        <description>about no of managing domains</description>
        <data-type>INTEGER</data-type>
      </column>
      <column name="COMPUTERS_COUNT">
        <description>about no of managing computers</description>
        <data-type>INTEGER</data-type>
      </column>
      <column name="CUSTOM_GROUPS_COUNT">
        <description>about no of custom groups</description>
        <data-type>INTEGER</data-type>
      </column>
      <column name="SoftwareInventoryCount">
        <description>about no of times action performed</description>
        <data-type>INTEGER</data-type>
      </column>
      <column name="RemoteTaskManagerCount">
        <description>about no of times action performed</description>
        <data-type>INTEGER</data-type>
      </column>
      <column name="DeviceInformationCount">
        <description>about no of times action performed</description>
        <data-type>INTEGER</data-type>
      </column>
      <column name="DeviceManagerCount">
        <description>about no of times action performed</description>
        <data-type>INTEGER</data-type>
      </column>
      <column name="HardDiskSpaceDetectorCount">
        <description>about no of times action performed</description>
        <data-type>INTEGER</data-type>
      </column>
      <column name="NetworkShareBrowserCount">
        <description>about no of times action performed</description>
        <data-type>INTEGER</data-type>
      </column>
      <column name="LocalUsersAndGroupsCount">
        <description>about no of times action performed</description>
        <data-type>INTEGER</data-type>
      </column>
      <column name="currentlyLoggedOnUsersCount">
        <description>about no of times action performed</description>
        <data-type>INTEGER</data-type>
      </column>
      <column name="LaptopBatteryMonitorCount">
        <description>aabout no of times action performed</description>
        <data-type>INTEGER</data-type>
      </column>
      <column name="ShutdownOrRestartCount">
        <description>about no of times action performed</description>
        <data-type>INTEGER</data-type>
      </column>
      <column name="WakeOnLanCount">
        <description>aabout no of times action performed</description>
        <data-type>INTEGER</data-type>
      </column>
      <column name="RemoteCommandPromptCount">
        <description>about no of times action performed</description>
        <data-type>INTEGER</data-type>
      </column>
      <column name="GPOUpdateCount">
        <description>aabout no of times action performed</description>
        <data-type>INTEGER</data-type>
      </column>
      <column name="JoinUnjoinCount">
        <description>about no of times action performed</description>
        <data-type>INTEGER</data-type>
      </column>
      <column name="ShutdownRestartGroupCount">
        <description>aabout no of times action performed</description>
        <data-type>INTEGER</data-type>
      </column>
      <column name="GPOUpdateGroupCount">
        <description>about no of times action performed</description>
        <data-type>INTEGER</data-type>
      </column>
      <column name="WakeOnLanGroupCount">
        <description>aabout no of times action performed</description>
        <data-type>INTEGER</data-type>
      </column>
      <column name="CommunityCount">
        <description>about no of times action performed</description>
        <data-type>INTEGER</data-type>
      </column>    
    </columns>
  </table>
</tables>