<?xml version="1.0" encoding="ISO-8859-1"?><response><result><form name="inputToolsAction"><add><values xmlns="add"><field name="customerid"><value>582302002811068690</value></field><field name="SoftwareInventoryCount"><value>0</value></field><field name="RemoteTaskManagerCount"><value>0</value></field><field name="DeviceInformationCount"><value>0</value></field><field name="DeviceManagerCount"><value>0</value></field><field name="HardDiskSpaceDetectorCount"><value>0</value></field><field name="NetworkShareBrowserCount"><value>0</value></field><field name="LocalUsersAndGroupsCount"><value>0</value></field><field name="currentlyLoggedOnUsersCount"><value>0</value></field><field name="LaptopBatteryMonitorCount"><value>0</value></field><field name="ShutdownOrRestartCount"><value>0</value></field><field name="WakeOnLanCount"><value>0</value></field><field name="RemoteCommandPromptCount"><value>0</value></field><field name="GPOUpdateCount"><value>0</value></field><field name="JoinUnjoinCount"><value>0</value></field><field name="ShutdownRestartGroupCount"><value>0</value></field><field name="GPOUpdateGroupCount"><value>0</value></field><field name="WakeOnLanGroupCount"><value>0</value></field><field name="CommunityCount"><value>0</value></field><field name="ID"><value>582302002842272404</value></field><field name="dateFormat"><value>dd-MMM-yyyy</value></field><field name="timeZone"><value>US/Pacific</value></field></values><status>Success</status></add></form></result></response>
